"DATA","HOR√ÅRIO","BLOCO","LOCAL DA CONCETRA√á√ÉO","RITMOS","TAMANHO P√öBLICO","LGBT"
"31/01","09h","Grande Bloco do Encontro - Parque Ja","Pra√ßa Apa, Jardim Am√©rica","AX√â, FUNK, ROCK, MPB, FORR√ì, PAGODE, SAMBA, POP, OUTROS, AFRO","Pequeno",""
"31/01","09h","Tchanzinho Zona Norte","R. Julio Ferraz, 41, Liberdade","AX√â, OUTROS","Grande","üè≥Ô∏è‚Äçüåà"
"31/01","09h30","Bloco da Floresta","R. Deputado Bernardino de Sena Figueiredo, 961, Cidade Nova","MARCHINHA, OUTROS
","Pequeno",""
"31/01","09h30","Buritis de Guimar√£es Rosa","R. Juvenal Melo Senra, 385, Belvedere","AX√â, MPB, FORR√ì, MARCHINHA, AFRO","Pequeno",""
"31/01","10h","Vai D√° N√£o, Bacana!","R. Jo√£o de Freitas, 122, Santo Ant√¥nio","AX√â, MPB, MARCHINHA
","Pequeno",""
"31/01","11h","Bloco Belopir√¥","Alameda das Palmeiras, 921, S√£o Jos√©","AX√â, OUTROS
","Pequeno",""
"31/01","11h","Bloco Menina M√°","Av. dos Engenheiros, 718, Castelo","FUNK","Pequeno",""
"31/01","11h","Calma Mo√ßa","R. Herculano de Freitas, 895, Gutierrez","AX√â, MPB, FORR√ì, PAGODE, SAMBA, SERTANEJO, MARCHINHA
","Pequeno",""
"31/01","11h","Trema na Lingui√ßa","R. Benvinda de Carvalho, 320, Santo Ant√¥nio","AX√â, SAMBA, MARCHINHA","M√©dio",""
"31/01","12h","Pata de Le√£o","Pra√ßa M√©xico, Conc√≥rdia","AFRO, OUTROS","M√©dio","üè≥Ô∏è‚Äçüåà"
"31/01","13h","Bloquinho","R. Oeste, 650, Calafate","MPB, POP, MARCHINHA, OUTROS","Pequeno",""
"31/01","13h","Surtabloco","Pra√ßa Toscana, 744, Bandeirantes","AX√â, FUNK, POP","Pequeno","üè≥Ô∏è‚Äçüåà"
"31/01","13h","Tapa de Mina","R. Maria Carmem Valadares, 194, Santa Efig√™nia","AX√â, FUNK, MPB, SAMBA, SERTANEJO, POP, MARCHINHA, OUTROS, AFRO","M√©dio",""
"31/01","13h30","Bloco P√© com P√©","Pra√ßa Chico Pereira, Dom Cabral","AX√â, MPB, POP, MARCHINHA, OUTROS","Pequeno",""
"31/01","14h","Bloco da Bruna Lipiani","Av. Get√∫lio Vargas, 808, Savassi","SERTANEJO, POP","M√©dio",""
"31/01","14h","Bloco da Velha Guarda do Samba de BH","R. dos Goitacazes, 496, Centro","SAMBA, MARCHINHA, AFRO","Pequeno","üè≥Ô∏è‚Äçüåà"
"31/01","14h","Bloco do Barr√£o","R. Dona Senhorinha, 133, Boa Vista","PAGODE, SAMBA","Pequeno",""
"31/01","14h","Bloco do Birico","R. Fernandes Tourinho, 235, Savassi","SAMBA","Pequeno",""
"31/01","14h","Bloco do Malvad√£o","Av. Afonso Pena, 1377, Centro","AX√â, FUNK, MPB, POP, OUTROS
","Grande",""
"31/01","14h","Bloco do Movat","Av. Amazonas, 339, Centro","AX√â, FUNK, PAGODE, SAMBA, OUTROS, AFRO","M√©dio",""
"31/01","14h","Carnacoelho","R. M√°rmore, 210, Santa Tereza","AX√â, MPB, OUTROS","Pequeno",""
"31/01","14h","Sagrada Profana","R. Vicente Risola, 1025, Santa In√™s","FUNK, MPB, MARCHINHA","M√©dio",""
"31/01","14h30","Reage Corno","R. Jos√© Sanguinete, 283, Vila Canto do Sabi√°","PAGODE, SAMBA","Pequeno",""
"31/01","15h","Carnakolping","R. Barbosa, 355, S√£o Salvador","AX√â, MPB, FORR√ì, PAGODE, SAMBA, POP, MARCHINHA, AFRO","M√©dio",""
"31/01","15h","Kechimba","R. Sagarana, 184, S√£o Pedro","REGGAETON","Pequeno",""
"31/01","15h","Me Leva","Av. Afonso Pena, 4350, Cruzeiro","AX√â, FUNK, PAGODE","M√©dio",""
"31/01","16h","Beag√° na Folia","Av. Ant√¥nio Abrah√£o Caram, 1001, S√£o Luiz","AX√â, FUNK, MPB, SERTANEJO, POP, OUTROS","M√©dio",""
"31/01","16h","Bloco Uai","Av. Ant√¥nio Abrah√£o Caram, 1001, S√£o Luiz","AX√â, OUTROS","M√©dio","üè≥Ô∏è‚Äçüåà"
"31/01","16h","Bloco Zona Norte","R. Cec√≠lia Pinto, 16, Vila Aeroporto","AX√â, FUNK","M√©dio",""
"31/01","16h","Kiko Lindo O Bloco","Pra√ßa Engenheiro Lenine Savini, 28, Planalto","AX√â, MARCHINHA, AFRO","Pequeno",""
"31/01","16h","Swing Safado","R. Gentios, 1293, Conjunto Santa Maria","AX√â, FUNK, OUTROS","Grande",""
"01/02","08h","Bloco das Jabuticabas","Pra√ßa M√©xico, Conc√≥rdia","AX√â, FUNK, MPB, FORR√ì, SAMBA, OUTROS","Pequeno","üë∂"
"01/02","08h","Bloco Nego√ßado","Av. Francisco Sales, 20, Floresta","INFANTIL, MARCHINHAS","Pequeno","üë∂"
"01/02","08h","Querubloco","R. C√≥rrego dos Carvalhos, 285, Acaba Mundo","AX√â, SAMBA, AFRO","Pequeno",""
"01/02","09h","Bloco Trovoada","Av. Jos√© C√¢ndido da Silveira, 1647, Uni√£o","AX√â, FUNK, SAMBA, OUTROS","M√©dio",""
"01/02","09h","Bruta Flor","R. Aquiles Lobo, 15, Floresta","AX√â, FUNK, MPB, FORR√ì, SAMBA, MARCHINHA, OUTROS, AFRO","Pequeno","üè≥Ô∏è‚Äçüåà"
"01/02","09h","Carna Skate","R. Bragan√ßa, 4, Coqueiros","ROCK, POP, OUTROS, AFRO","Pequeno",""
"01/02","09h","Garota eu Des√ßo a Calif√≥rnia","Pra√ßa Deputado Renato Azeredo, Sion","AX√â, FUNK, ROCK, MPB, JAZZ, FORR√ì, PAGODE, SAMBA, POP, MARCHINHA, OUTROS, AFRO","M√©dio","üè≥Ô∏è‚Äçüåà"
"01/02","09h","Marisa Aos Montes","Pra√ßa Santa Rita, Esplanada","AX√â, MPB, FORR√ì, SAMBA, MARCHINHA, AFRO","Pequeno",""
"01/02","09h","Sarar√° na Avenida","R. Professor Amaro Xisto de Queiroz, 865, Uni√£o","AX√â, MPB, SAMBA","M√©dio","üè≥Ô∏è‚Äçüåà"
"01/02","11h","Bloco Me Samba","R. Barra Longa, 46, Salgado Filho","AX√â, MPB, SAMBA, AFRO","Pequeno",""
"01/02","12h","Alegria Alegria","Pra√ßa da Bandeira, 166, Cruzeiro","AX√â, SAMBA, AFRO","Pequeno",""
"01/02","12h","Samba do Arco","Pra√ßa Rui Barbosa, Centro","PAGODE, SAMBA, OUTROS, AFRO","Pequeno",""
"01/02","12h30","Cheia de Manias","R. Guanabara, 354, Conc√≥rdia","PAGODE, SAMBA","M√©dio","üè≥Ô∏è‚Äçüåà"
"01/02","13h","Filhas de Gaby e os Desgarrados","R. Santo Ant√¥nio do Monte, 486, Santo Ant√¥nio","FUNK, SAMBA, MARCHINHA","M√©dio","üè≥Ô∏è‚Äçüåà"
"01/02","14h","Alforriado Matias","R. Jeriba, 12, Olaria","AX√â, FUNK, MPB, FORR√ì, PAGODE, SAMBA, MARCHINHA, AFRO","M√©dio",""
"01/02","14h","Babadan Banda de Rua","Av. Am√©rico Vesp√∫cio, 1947, Nova Esperan√ßa","AX√â, FUNK, MPB, JAZZ, SAMBA, POP, OUTROS, AFRO","M√©dio",""
"01/02","14h","Br√≥kio do Xai-Xai","R. Sergipe, 790, Savassi","AX√â, FUNK, ROCK, MPB, FORR√ì, PAGODE, SAMBA, POP, MARCHINHA, OUTROS, AFRO","M√©dio","üè≥Ô∏è‚Äçüåà"
"01/02","14h","T√¥ de Chico","R. Conselheiro Rocha, 1605, Vila Dias","AX√â, MPB, FORR√ì, PAGODE, SAMBA, POP, MARCHINHA, AFRO","Pequeno",""
"01/02","14h","Vemkenke","R. Senhor Simeone, 256, Jonas Veiga","AX√â, MARCHINHA","Pequeno","üè≥Ô∏è‚Äçüåà"
"01/02","15h","Bloco dos Hermanos","R. dos Tabaiares, 100, Floresta","AX√â, FUNK, ROCK, MPB, SAMBA, MARCHINHA, OUTROS","Pequeno",""
"01/02","15h","Passistas Show BH","R. Ministro de Oliveira Salazar, 500, Santa M√¥nica","SAMBA, MARCHINHA, AFRO","Pequeno",""
"01/02","15h","Patangome Maracarte","R. Atalaia, 211, Floresta","MARACATU","Pequeno","üè≥Ô∏è‚Äçüåà"
"01/02","16h","Bloco Zona Norte","R. Cec√≠lia Pinto, 16, Vila Aeroporto","AX√â, FUNK","M√©dio",""
"02/02","14h","ABAFRO - Associa√ß√£o de Blocos Afro de Minas Gerais","Pra√ßa Alberto Dalva Sim√£o, S√£o Luiz","OUTROS, AFRO","Pequeno",""
"05/02","17h","Bloco Cidade Nova Piro-Leerita","R. Afonso Pena Junior, 141, Cidade Nova","AX√â, ROCK, SAMBA, MARCHINHA","Pequeno",""
"06/02","12h","Bloco Insituto CDDown","R. General Ephigenio Ruas Santos, 323, Itapo√£","MPB, FORR√ì, MARCHINHA, OUTROS, AFRO","Pequeno",""
"06/02","17h30","Na Cad√™ncia do Samba","R. Vinte e Cinco de Agosto, 399, Aparecida","SAMBA","Pequeno",""
"06/02","18h","Flor & Amar","Av. Joaquim Clemente, 320, Floramar","AX√â, FUNK, ROCK, MPB, FORR√ì, PAGODE, SAMBA, POP, AFRO","Pequeno",""
"06/02","18h","Se Avexe N√£o","Pra√ßa Geraldo Torres, 172, Padre Eust√°quio","FORR√ì","Pequeno",""
"06/02","19h","Abre-te S√©samo","Av. Augusto de Lima, 1833, Barro Preto","ROCK, POP","M√©dio",""
"07/02","08h","ClandesTinas","R. Aar√£o Reis, 585, Centro","AX√â, FUNK, ROCK, MPB, FORR√ì, PAGODE, SAMBA, POP, MARCHINHA","Pequeno","üè≥Ô∏è‚Äçüåà"
"07/02","09h","Andacunf√©","R. Oligisto, 417, Santa Tereza","AX√â, MPB, FORR√ì, SAMBA, AFRO","M√©dio","üè≥Ô∏è‚Äçüåà"
"07/02","09h","Bloco da Fam√≠lia","R. Outono, 599, Cruzeiro","MARCHINHA","Pequeno","üë∂"
"07/02","09h","Bloco do Chifrudo","R. Progresso, 810, Padre Eust√°quio","AX√â, FUNK, ROCK, MPB, FORR√ì, PAGODE, SAMBA, SERTANEJO, POP, MARCHINHA, AFRO","Pequeno",""
"07/02","09h","Bloquin da √Årvore","Pra√ßa Nova York, Sion","AX√â, PAGODE, SAMBA","Pequeno",""
"07/02","09h","Caprichosos de Beag√°","Av. Jo√£o Pinheiro, 467, Boa Viagem","AX√â, MPB, SAMBA, POP, MARCHINHA, OUTROS","Pequeno","üë∂"
"07/02","09h","Fera Nen√©m","R. dos Dominicanos, 44, Serra","AX√â, PAGODE, SAMBA, MARCHINHA, OUTROS","M√©dio","üë∂"
"07/02","09h","Mama Na Vaca","Pra√ßa Cairo, Santo Ant√¥nio","MARCHINHA","Grande","üè≥Ô∏è‚Äçüåà"
"07/02","09h","Me Respeita que Eu Sou Crian√ßa","Alameda dos Jacarand√°s, 1300, S√£o Luiz","OUTROS","Pequeno","üë∂"
"07/02","09h30","Beleza Rara","R. Zuzu Angel, 356, Belvedere","AX√â, MPB, FORR√ì, PAGODE, SERTANEJO, POP, MARCHINHA","Pequeno",""
"07/02","09h30","Bloco Vibe de Volt√°","Av. Jos√© C√¢ndido da Silveira, 2000, Uni√£o","AX√â, SAMBA, MARCHINHA","Pequeno",""
"07/02","10h","Bloco de P√≠fanos BH","R. Jequirica, 223, Conc√≥rdia","MPB, FORR√ì, OUTROS, AFRO","M√©dio","üè≥Ô∏è‚Äçüåà"
"07/02","10h","Ent√£o, Planta!","R. M√°rmore, 169, Santa Tereza","AX√â, SAMBA, MARCHINHA, AFRO","Pequeno",""
"07/02","10h","L√° do Bacuraus: Bonecos Gigantes Reciclados","R. Adolfo Lutz, 21, Campo Alegre","OUTROS, AFRO","Pequeno",""
"07/02","10h","Uai Ce Samba","Av. dos Engenheiros, 211, Al√≠pio de Melo","SAMBA","M√©dio",""
"07/02","10h30","De Mentes Brilhantes","R. Jos√© dos Santos Lage, 315, Teixeira Dias","AX√â, FUNK, PAGODE, SAMBA, AFRO","Pequeno",""
"07/02","11h","Banda Linda","R. Pinheiros, 1040, Nova Cachoeirinha","AX√â, ROCK, SAMBA, AFRO","Pequeno",""
"07/02","12h","Bloco Coquistas de Tia Toinha","R. Aar√£o Reis, 462, Centro","AX√â, MPB, JAZZ, SAMBA, AFRO","Pequeno",""
"07/02","12h","Bloco do Cajado","R. Silva Jardim, 239, Floresta","AX√â, ROCK, MPB, SAMBA, POP, MARCHINHA, AFRO","Pequeno",""
"07/02","12h","Choro El√©trico","R. Conselheiro Rocha, 1407, Vila Dias","CHORO","Pequeno",""
"07/02","12h","Matilda Fugiu","Pra√ßa Cajuri, 146, Santa In√™s","MARCHINHA","Pequeno",""
"07/02","12h","Samba do Imperador","R. Artur Haas, 380, Jardim Montanh√™s","PAGODE, SAMBA, MARCHINHA","Pequeno",""
"07/02","12h30","Aten√ß√£o Creuzebeck","R. Oeste, 425, Calafate","AX√â, ROCK, MPB, FORR√ì","M√©dio",""
"07/02","12h30","Bloco Duro","R. Alvin√≥polis, 460, Santa Tereza","AX√â, ROCK, MPB, FORR√ì, SAMBA, POP, MARCHINHA, OUTROS","Pequeno",""
"07/02","13h","A Justi√ßa N√£o √© Cega","R. Bernardo Guimar√£es, 178, Funcion√°rios","FORR√ì, PAGODE, SAMBA, MARCHINHA, AFRO","Pequeno","üè≥Ô∏è‚Äçüåà"
"07/02","13h","Arrast√£o Bloco Show","R. Iara, 152, Pomp√©ia","AX√â, MARCHINHA, AFRO","M√©dio",""
"07/02","13h","Bloco do Barba Roxa","R. Conde de Linhares, 906, Cora√ß√£o de Jesus","ROCK, SAMBA, POP, MARCHINHA","Pequeno",""
"07/02","13h","Bloco Luluvinhas","R. Curitiba, 2437, Lourdes","ROCK, MPB, POP","Pequeno",""
"07/02","13h","CEFET Com Banana","Av. Brasil, 1145, Funcion√°rios","AX√â, FUNK, ROCK, MPB, PAGODE, SAMBA, SERTANEJO, POP, OUTROS","M√©dio",""
"07/02","13h","C√≥mo Te Lhama?","R. Gomes Pereira, 195, Horto Florestal","CUMBIA, RITMOS LATINOS","Grande",""
"07/02","13h","Pablo Martinelli: √â Disso que t√¥ Falando","Av. Fleming, 700, Ouro Preto","SERTANEJO","Pequeno",""
"07/02","13h30","Liberdade e √Ågua Limpa","R. Judia√≠, 111, Conc√≥rdia","AX√â, MPB, FORR√ì, SAMBA, MARCHINHA, AFRO","Pequeno",""
"07/02","14h","Ax√©uai","Av. Bento Sim√£o, 685, S√£o Bento","AX√â","Pequeno",""
"07/02","14h","Bandulino","R. Sergipe, 1060, Savassi","AX√â, MPB, SAMBA, POP, MARCHINHA","M√©dio",""
"07/02","14h","Bloco CSH","R. Jacu√≠, 3862, Ipiranga","AX√â, MPB, SAMBA","Pequeno",""
"07/02","14h","Bloco da Nega","Av. Get√∫lio Vargas, 840, Savassi","AX√â, FUNK, MPB, POP, OUTROS","Pequeno",""
"07/02","14h","Bloco Demor√¥","Av. Magenta, 571, Vit√≥ria","AX√â, ROCK, FORR√ì, MARCHINHA","Pequeno",""
"07/02","14h","Bloco do Pesco√ß√£o","Av. Alvares Cabral, 360, Lourdes","AX√â, MPB, SAMBA, MARCHINHA, AFRO","M√©dio",""
"07/02","14h","Bloco do Povo","Av. General Olimpio Mour√£o Filho, 333, Planalto","AX√â","M√©dio","üè≥Ô∏è‚Äçüåà"
"07/02","14h","Bloco do Saraiva","R. Atalaia, 191, Cai√ßaras","SAMBA","Pequeno",""
"07/02","14h","Bloco Mafia Azul","R. dos Guajajaras, 1757, Barro Preto","FUNK, SAMBA","Pequeno",""
"07/02","14h","Bloco Ta Mole Mais √â Meu","R. Dom Oscar Romero, 345, Nova Gameleira","MARCHINHA, OUTROS","Pequeno",""
"07/02","14h","Bloco T√¥doido?","R. Helium, 550, Nova Floresta","AX√â, MPB, FORR√ì, PAGODE, SAMBA, AFRO","Pequeno",""
"07/02","14h","Cabei de Chegar","R. Matias Cardoso, 53, Santo Agostinho","AX√â, MPB, FORR√ì, PAGODE, SAMBA, SERTANEJO","Pequeno",""
"07/02","14h","Carnafate","R. Jos√© de Alencar, 928, Nova Suissa","MPB, AFRO","Pequeno",""
"07/02","14h","Emori√¥","Av. Bandeirantes, 546, Comiteco","AX√â, FUNK, MPB, SAMBA, POP, OUTROS","M√©dio",""
"07/02","14h","N√£o Era Amor, Era Cilada","R. Sergipe, 853, Savassi","AX√â, PAGODE, SAMBA, SERTANEJO","Pequeno",""
"07/02","14h","Psybloquim","R. Braz√≥polis, 112, Floresta","POP","Pequeno",""
"07/02","14h","Sagrada Folia","Av. Petrolina, 428, Sagrada Fam√≠lia","AX√â, MPB, FORR√ì, PAGODE, SAMBA, SERTANEJO, MARCHINHA, OUTROS, AFRO","M√©dio",""
"07/02","14h","Samba de Roda Il√™ As√© S√≤p√≤nn√≥n","Av. Bias Fortes, 3036, Carlos Prates","SAMBA, AFRO","Pequeno",""
"07/02","14h","Sobe Estev√£o, Desce Pinto","R. Professor Estev√£o Pinto, 780, Serra","AX√â","Pequeno",""
"07/02","14h","Ta Caindo Ful√¥","R. Edison, 397, Uni√£o","AX√â, MPB, SAMBA, MARCHINHA, OUTROS, AFRO","Pequeno",""
"07/02","14h","Tem Churrasco Todo Dia","R. Jos√© Clemente Pereira, 245, Ipiranga","AX√â, FORR√ì, PAGODE, SAMBA, MARCHINHA, OUTROS, AFRO","Pequeno",""
"07/02","14h","Vem Fluir","R. Silva Jardim, 388, Floresta","MPB, FORR√ì, SAMBA, MARCHINHA","Pequeno",""
"07/02","14h30","Apaetucada","R. Cristal, 130, Santa Tereza","AX√â, FUNK, PAGODE, SAMBA, MARCHINHA, AFRO","Pequeno",""
"07/02","14h30","Bloco Kontra","R. Ibiraci, 175, Salgado Filho","AX√â, ROCK, MPB, FORR√ì, PAGODE, SAMBA, POP, AFRO","Pequeno","üë∂"
"07/02","15h","Bando do Santo Chico","R. Porto Alegre, 500, Carlos Prates","AX√â, MPB, PAGODE, SAMBA, MARCHINHA, AFRO","Pequeno","üë∂"
"07/02","15h","Bloco da Aninha","Av. dos Engenheiros, 503, Al√≠pio de Melo","AX√â, PAGODE, SAMBA, AFRO","M√©dio","üè≥Ô∏è‚Äçüåà"
"07/02","15h","Bloco do Mam√°","R. Lidio Lunardi, 83, Maria Virginha","AX√â, ROCK, MPB, FORR√ì, SAMBA, POP, MARCHINHA, OUTROS, AFRO","Pequeno",""
"07/02","15h","Bloco Santo Batuque","R. Codajas, 706, S√£o Gabriel","AX√â, ROCK, MPB, SAMBA, POP, MARCHINHA","Pequeno",""
"07/02","15h","Bloco Sucatas","R. Garota de Ipanema, 319, Etelvina Carneiro","AX√â, SAMBA, MARCHINHA, AFRO","Pequeno",""
"07/02","15h","Bloko Miame Beat Likonews","Pra√ßa Santu√°rio S√£o Geraldo, S√£o Geraldo","AX√â, FUNK, ROCK, MPB, FORR√ì, PAGODE, SAMBA, SERTANEJO, POP, MARCHINHA, OUTROS, AFRO","Pequeno",""
"07/02","15h","Joj√¥ e Palito na Folia do Carnaval","R. Martim de Caravalho, 94, Santo Agostinho","FORR√ì, SAMBA, MARCHINHA, OUTROS","Pequeno","üë∂"
"07/02","15h","Pantera Cor da Rosa","R. Professor Milton Lage, 386, Bom Jesus","AX√â, FUNK, ROCK, MPB, FORR√ì, PAGODE, SERTANEJO, POP, OUTROS, AFRO","Pequeno",""
"07/02","15h","Samba das Indomitas","R. Outono, 524, Cruzeiro","AX√â, MPB, SAMBA, MARCHINHA","Pequeno",""
"07/02","15h","Unidos do Bairro S√£o Paulo","R. Araua, 273, Vila S√£o Paulo","AX√â, FUNK, PAGODE, SAMBA, SERTANEJO, MARCHINHA","Pequeno",""
"07/02","15h30","Barebloco","R. Professor Jos√© Schettino, 35, Let√≠cia","PAGODE, SAMBA, MARCHINHA","Pequeno",""
"07/02","15h30","Bloco do Padreco","R. Riachuelo, 1250, Padre Eust√°quio","AX√â, SAMBA, MARCHINHA","M√©dio",""
"07/02","16h","Banda Mole","Av. Afonso Pena, 1316, Centro","AX√â, MPB, FORR√ì, PAGODE, SAMBA, MARCHINHA","Grande",""
"07/02","16h","Bloc√£o do Cachorr√£o","R. Vicente Risola, 1506, Santa In√™s","AX√â, SAMBA, MARCHINHA","Pequeno",""
"07/02","16h","Bloco Comunidade Unidas","R. Varz√©a da Palma, 277, Santa M√¥nica","AX√â, FUNK, ROCK, FORR√ì, PAGODE, SAMBA, SERTANEJO, POP, MARCHINHA, AFRO","Pequeno","üè≥Ô∏è‚Äçüåà"
"07/02","16h","Bloco Rebent√£o","Pra√ßa S√£o Jos√©, Parque S√£o Jos√©","AX√â, PAGODE, SAMBA, AFRO","Pequeno",""
"07/02","16h","Bloco ZN - Ilha","Via de Pedestres Pra√ßa dos Esportes, Vila Aeroporto","FUNK","M√©dio",""
"07/02","16h","Panthera Disco Bloco","R. Padre Rolim, 62, Santa Efig√™nia","DISCO MUSIC","M√©dio","üè≥Ô∏è‚Äçüåà"
"07/02","16h","Renafolia","Pra√ßa Urupes, Renascen√ßa","AX√â, ROCK, MPB, SAMBA, MARCHINHA","Pequeno",""
"07/02","17h","Viaduto Carna Trance","R. da Bahia, 15, Centro","TRANCE","Pequeno",""
"07/02","18h","Bloco do Hungria","Av. Ant√¥nio Abrah√£o Caram, 1001, S√£o Luiz","AX√â, FUNK, MPB, FORR√ì, SERTANEJO, POP, OUTROS","M√©dio",""
"08/02","08h","Bloco da Amandona","R. Santa Rita Dur√£o, 1216, Savassi","AX√â, MPB, FORR√ì","M√©dio","üè≥Ô∏è‚Äçüåà"
"08/02","08h","Nucaos","R. da Bahia, 52, Centro","AX√â, OUTROS","Pequeno","üè≥Ô∏è‚Äçüåà"
"08/02","08h","Pinta Terezinha","R. Divin√≥polis, 543, Santa Tereza","MARCHINHA, OUTROS","Pequeno",""
"08/02","09h","Bloco Deslumbradas","Av. Otacilio Negr√£o de Lima, 4411, Bandeirantes","SAMBA, MARCHINHA","M√©dio",""
"08/02","09h","Bloco do Bal√£o","R. Professor Djalma Guimar√£es, 140, Mangabeiras","MPB, SAMBA, AFRO","Pequeno",""
"08/02","09h","Bloco Hahaha","R. Estrela do Sul, 135, Santa Tereza","AX√â, MPB, MARCHINHA, OUTROS","Pequeno",""
"08/02","09h","Bloquinho 60+ Paix√£o de Carnaval - Sai da Frente que eu Dan√ßo Lento","R. Sid√¥nia, 206, S√£o Salvador","AX√â, FORR√ì, SAMBA, MARCHINHA, AFRO","Pequeno","üè≥Ô∏è‚Äçüåà"
"08/02","09h","Cowboy de Buteco","Pra√ßa da Liberdade, Savassi","SERTANEJO","Pequeno",""
"08/02","09h","Na Tora Bloco","R. Conselheiro Rocha, 2250, Santa Tereza","MPB, MARCHINHA, OUTROS","Pequeno",""
"08/02","09h30","Besourinhos","Pra√ßa Carlos Chagas, 33, Santo Agostinho","ROCK, POP","M√©dio","üë∂"
"08/02","10h","Afronta BH","Pra√ßa da Liberdade, Savassi","AX√â, MPB, PAGODE, SAMBA, OUTROS, AFRO","Pequeno",""
"08/02","10h","Alceu Dispor","R. Al√©m Para√≠ba, 1035, Bonfin","FORR√ì, MARCHINHA, OUTROS","Pequeno",""
"08/02","10h","As Charangueiras","R. Para√≠ba, 1360, Savassi","AX√â, MPB, SAMBA, SERTANEJO","Pequeno",""
"08/02","10h","Bloco do Port√£o","R. Doutor Pedro Ruela, 827, Let√≠cia","ROCK, MPB, MARCHINHA","Pequeno",""
"08/02","10h","Bloco Rock BH","Av. Get√∫lio Vargas, 808, Savassi","ROCK, POP","Pequeno",""
"08/02","10h","Encontro de Boizinhos Encantados","Av. Alvares Cabral, 327, Lourdes","OUTROS, AFRO","Pequeno",""
"08/02","10h","Mindinho Bateria Mirim","R. Ibiraci, 134, Salgado Filho","FUNK, FORR√ì, SAMBA, MARCHINHA","Pequeno","üë∂"
"08/02","10h30","Bloco do P√£o Molhado","R. Valen√ßa 148, Carlos Prates","SAMBA, MARCHINHA","Pequeno",""
"08/02","11h","Folia do Cardosinho","Pra√ßa Rotary Club, 37, Sion","PAGODE, SAMBA, MARCHINHA","Pequeno",""
"08/02","11h","Morabloco","Av. Fleming, 680, Ouro Preto","AX√â, FUNK, MPB, FORR√ì, PAGODE, SAMBA, POP, MARCHINHA","M√©dio",""
"08/02","11h","Rapique","R. Camilo Prates, 751, Uni√£o","FUNK, MPB, PAGODE, SAMBA, POP, OUTROS, AFRO","Pequeno",""
"08/02","12h","Alegria Alegria","Pra√ßa da Bandeira, Cruzeiro","AX√â, SAMBA, AFRO","Pequeno",""
"08/02","12h","Almas Empenadas","R. Nilo Aparecida Pinto, 341, Planalto","AX√â, FUNK, ROCK, MPB, FORR√ì, PAGODE, SAMBA, SERTANEJO, POP, MARCHINHA, OUTROS, AFRO","M√©dio",""
"08/02","12h","Bloco do Minas","Av. dos Bandeirantes, 2323, Serra","AX√â, PAGODE, SAMBA, POP, MARCHINHA, OUTROS","Pequeno",""
"08/02","12h","Bloco Gafieira","R. Nova Ponte, 22, Salgado Filho","AX√â, FUNK, MPB, FORR√ì, SAMBA, MARCHINHA, OUTROS, AFRO","Pequeno",""
"08/02","12h","Circulad√¥","Pra√ßa Coronel Benjamin Guimar√£es, 65, Funcion√°rios","AX√â, FORR√ì, OUTROS, AFRO","M√©dio","üè≥Ô∏è‚Äçüåà"
"08/02","12h","Unidos com Mirag√¥","R. das Pet√∫nias, 2080, Lind√©ia","SAMBA","Pequeno",""
"08/02","12h30","Granadas de Alegria","Av. Silva Lobo, 1336, Nova Granada","AX√â, FUNK, ROCK, MPB, FORR√ì, SAMBA, SERTANEJO, POP, MARCHINHA, AFRO
","Pequeno",""
"08/02","13h","C&T","R. Ant√¢o Gon√ßalves, 180, Taquaril","AX√â, FUNK, FORR√ì, PAGODE, SAMBA, SERTANEJO, MARCHINHA, AFRO","Pequeno",""
"08/02","13h","Eu te Devoro","Av. dos Engenheiros, 570, Al√≠pio de Melo","MPB","Pequeno",""
"08/02","13h","Meninos do Morro","Pra√ßa Santa Cruz, 10, Pedreira Prado Lopes","AX√â, FUNK, ROCK, MPB, FORR√ì, PAGODE, SAMBA, SERTANEJO, POP, MARCHINHA, AFRO","Pequeno",""
"08/02","13h","√ìia o Trem Quereno","Pra√ßa Duque de Caxias, Santa Tereza","AX√â, MPB, FORR√ì, PAGODE, SAMBA, POP, MARCHINHA","Pequeno",""
"08/02","13h","√î√¥√¥ Gl√≥ria!!!","R. Jo√£o Ramalho, 250, Gl√≥ria","AX√â, MPB, FORR√ì, PAGODE, SAMBA, POP, AFRO","Pequeno","üè≥Ô∏è‚Äçüåà"
"08/02","13h","Qui Samba √© Esse?","Av. Clara Nunes, 150, Renascen√ßa","AX√â, PAGODE, SAMBA, POP, AFRO","Pequeno",""
"08/02","13h30","Liberdade e √Ågua Limpa","R. dos Otoni, 69, Santa Efig√™nia","AX√â, MPB, FORR√ì, SAMBA, MARCHINHA, AFRO","Pequeno",""
"08/02","14h","@bsurda","R. Aar√£o Reis, 510, Centro","POP","Grande","üè≥Ô∏è‚Äçüåà"
"08/02","14h","As Virgens do Formigueiro Quente","R. Izalina Faustina Silveira, 18, Mantiqueira","AX√â, FUNK, ROCK, MPB, FORR√ì, PAGODE, SAMBA, SERTANEJO, MARCHINHA, AFRO","Pequeno",""
"08/02","14h","Barcca Furada e Fabinho do Terreiro","Av. Pastor Anselmo Silvestre, 85, Boa Vista","AX√â, PAGODE, SAMBA, MARCHINHA","Pequeno",""
"08/02","14h","CarnaKvsh","Av. Get√∫lio Vargas, 1059, Savassi","ELETR√îNICA","Grande",""
"08/02","14h","Ch√° da Alice","Av. Brasil, 1145, Funcion√°rios","AX√â","M√©dio",""
"08/02","14h","Furdu√ßin Meu Rei","R. Levindo Lopes, 124, Savassi","AX√â","Pequeno",""
"08/02","14h","Manga com Dend√™","Rodovia Camilo Teixeira da Costa, 1350, Granja Werneck","AX√â, MPB, SAMBA, OUTROS, AFRO","Pequeno",""
"08/02","14h","Nova Folia","R. Engenheiro Correia, 279, Nova Floresta","ROCK, OUTROS","Pequeno",""
"08/02","14h","Pensa em Mim","R. Ant√¥nio Texieira Dias, 1509, Teixeira Dias","AX√â, SERTANEJO, MARCHINHA","Pequeno",""
"08/02","14h","Salada de Frutas","Pra√ßa Zamenhof, Floresta","AX√â, FUNK, ROCK, MPB, PAGODE, SAMBA, POP, OUTROS, AFRO","M√©dio","üè≥Ô∏è‚Äçüåà"
"08/02","14h","Turma da L√≠ngua Solta","R. Itaguai, 431, Alto Cai√ßaras","AX√â, MPB, SAMBA, MARCHINHA","M√©dio",""
"08/02","14h30","Chic Xique Forrozeiros","R. Versilia, 50, Bandeirantes","AX√â, FORR√ì","Pequeno",""
"08/02","15h","Baianos Usados","R. Geraldo Martins da Silva, 111, Jaqueline","AX√â, ROCK, MPB, SAMBA","Pequeno",""
"08/02","15h","Bloco Cai Lua","R. Frei Hil√°rio, 10, Planalto","AX√â, ROCK, MPB, SAMBA, POP, OUTROS, AFRO","Pequeno",""
"08/02","15h","Bloco do Madruga","R. Ver√≠ssimo, 146, Salgado Filho","AX√â, FUNK, SAMBA, MARCHINHA","Pequeno",""
"08/02","15h","Boi Rosado","R. Angelo Rabelo, 54, Santa Tereza","FORR√ì, OUTROS","Pequeno",""
"08/02","15h","Siaxegue","Av. Guarapari, 1367, Santa Am√©lia","AX√â, MPB, PAGODE, SAMBA, MARCHINHA","Pequeno",""
"08/02","15h","Trem Du B√£o","Av. Santa Matilde, 190, Jo√£o Pinheiro","MPB, AFRO","M√©dio",""
"08/02","16h","Bloco √Ålibe","Pra√ßa Cristo Redentor, Milion√°rios","AX√â, FUNK, ROCK, FORR√ì, PAGODE, SAMBA, SERTANEJO, POP, MARCHINHA, OUTROS, AFRO","Pequeno",""
"08/02","17h","Viaduto Carna Trance","R. da Bahia, 15, Centro","TRANCE","Pequeno",""
"10/02","18h","Sai Pra L√° Capeta","Pra√ßa M√©xico, Conc√≥rdia","AX√â, MPB, SAMBA, POP, OUTROS","M√©dio","üè≥Ô∏è‚Äçüåà"
"11/02","16h","Chama o S√≠ndico","Av. Afonso Pena, 1377, Centro","MPB","Grande","üè≥Ô∏è‚Äçüåà"
"12/02","13h","Bloco da Rua","R. Rio de Janeiro, 1010, Centro","OUTROS, AFRO","Pequeno",""
"12/02","16h","TBTechno","R. da Bahia, 55, Centro","TECHNO","Pequeno",""
"12/02","18h","Arrast√£o do Hott","Av. Ant√¥nio Abrah√£o Caram, 972, S√£o Jos√©","AX√â","Grande",""
"12/02","18h","Bloco do Beijo","R. Sergipe, 779, Savassi","AX√â","Pequeno",""
"12/02","18h30","Bloco dos 3 Preto","R. Antonio Peixoto Guimar√£es, 450, Cai√ßara","PAGODE, SAMBA","Pequeno",""
"12/02","18h30","Esquina da Folia","R. S√£o Borja, 835, Nova Vista","AX√â, FORR√ì, SAMBA","Pequeno",""
"12/02","21h","Bloco da Bicicletinha","Av. Caranda√≠, 617, Funcion√°rios","AX√â, FUNK, ROCK, MPB, JAZZ, FORR√ì, PAGODE, SAMBA, POP, OUTROS, AFRO","M√©dio","üè≥Ô∏è‚Äçüåà"
"13/02","14h","Bloco do Claudinho","R. M√°rmore, 312, Santa Tereza","AX√â, ROCK, MPB, POP, OUTROS","Pequeno",""
"13/02","15h30","Margarida Perfumada MP","R. Dez de Novembro, 176, S√£o Tom√°z","MPB, SAMBA, POP, AFRO","Pequeno",""
"13/02","17h","Bloco da Sol","R. Vinte e Cinco de Agosto, 444, Aparecida","AX√â, FUNK, MPB, SAMBA, POP, OUTROS, AFRO","Pequeno",""
"13/02","17h","Bloco Diretucada","Av. √Ålvares Cabral, 366, Lourdes","AX√â, ROCK, MPB, PAGODE, SAMBA, SERTANEJO, POP, MARCHINHA","Pequeno",""
"13/02","17h","√î Doral, Pega no meu Bra√ßo!","R. Leonil Prata, 535, Al√≠pio de Melo","AX√â, PAGODE, SAMBA","Pequeno",""
"13/02","17h","Passa L√° no RH e Me Chama que Eu Vou","R. Tom√© de Souza, 840, Savassi","AX√â, FORR√ì, SAMBA, MARCHINHA, AFRO","M√©dio",""
"13/02","17h","Prove Primeiro","R. Jacana, 26, Provid√™ncia","AX√â, FUNK, FORR√ì, PAGODE, SAMBA, SERTANEJO, POP, MARCHINHA, AFRO","Pequeno",""
"13/02","17h","Sexta, Ningu√©m Sabe?","R. Alvarenga Peixoto, 991, Santo Ant√¥nio","ROCK, MPB, SAMBA, POP","M√©dio","üè≥Ô∏è‚Äçüåà"
"13/02","17h","Timbaleiros do Ghetto","R. Aar√£o Reis, 585, Centro","AX√â, AFRO","M√©dio","üè≥Ô∏è‚Äçüåà"
"13/02","17h","WS Eletrico","R. Sergipe, 841, Savassi","AX√â, ROCK, MPB, FORR√ì, SAMBA, SERTANEJO, POP, OUTROS","M√©dio",""
"13/02","17h30","Bloco do Grifo","Av. Oscar Paschoal, 610, S√£o Jos√©","AX√â, MPB, PAGODE, SAMBA, POP, SERTANEJO, FUNK, OUTROS","Pequeno",""
"13/02","18h","Bloco do Intervalo","R. David Campista, 42, Floresta","AX√â, MPB, SAMBA, MARCHINHA","Pequeno",""
"13/02","18h","Os Meninos da Meia Noite","R. Sete de Abril, 485, Esplanada","FORR√ì, SAMBA, MARCHINHA, AFRO","Pequeno",""
"13/02","18h","Pagode do Paulinho","R. Alberto Cintra, 365, Uni√£o","PAGODE, SAMBA","Pequeno",""
"13/02","18h30","No Caminho","R. Doutor M√°rio Magalh√£es, 506, Itapo√£","AX√â, SAMBA, MARCHINHA, AFRO","Pequeno",""
"13/02","19h","Afro-Perif√©rico Orisamba","R. Fagundes Varela, 95, Senhor dos Passos","AX√â, FUNK, ROCK, MPB, FORR√ì, PAGODE, SAMBA, POP, OUTROS, AFRO","Pequeno",""
"13/02","19h","A Roda","Av. Augusto de Lima, 1715, Barro Preto","AX√â, MPB, OUTROS, AFRO","M√©dio","üè≥Ô∏è‚Äçüåà"
"13/02","19h","V√¥ Manoel","R. Evaristo da Veiga, 140, Senhor dos Passos","AX√â, AFRO","Pequeno",""
"13/02","20h","Bai√£o de Rua","R. Marechal Deodoro, 21, Floresta","FORR√ì","Pequeno",""
"13/02","23h","Bloco F√∫nebre","Pra√ßa da Bandeira","ROCK, MPB, JAZZ, SAMBA, POP, MARCHINHA, AFRO","Grande","üè≥Ô∏è‚Äçüåà"
"","A PROGRAMA√á√ÇO COM A SEMANA DE CARNAVAL (14 A 22/02) EST√Å SENDO ATUALIZADA","","","","",""
"14/02","05h","Ent√£o, Brilha","R. Curitiba, 8, Centro","AX√â, MPB, SAMBA E POP","Grande","üè≥Ô∏è‚Äçüåà"
"14/02","09h","Tamborins Tant√£s","Av. Assis Chateabriand, 98, Floresta","SAMBA, MARCHINHA, OUTROS","Pequeno","üè≥Ô∏è‚Äçüåà"
"14/02","09h","Quando Come Se Lambuza","Av. Afonso Pena, 955, Centro","MPB, AX√â, FUNK, PAGODE, POP, SERTANEJO, OUTROS","Grande",""
"14/02","11h","Bloco do Torresmo","R. M√°rmore, 261, Santa Tereza","MINEIRIDADES, SAMBA, AX√â, MPB, POP, ROCK","M√©dio","üè≥Ô∏è‚Äçüåà"
"14/02","11h","Uai Ce Samba","Av. Abra√£o Caram, 1001, S√£o Jos√©","SAMBA","M√©dio",""
"14/02","12h","Bloco da Calixto","Av. Amazonas, 507, Centro","AX√â, SAMBA, PAGODE, POP, REGGAE, ROCK, OUTROS","M√©dio","üè≥Ô∏è‚Äçüåà"
"14/02","13h","Asa de Banana","Av. Augusto de Lima, 1833, Barro Preto","AX√â, ROCK, POP, OUTROS","M√©dio",""
"14/02","13h","Fara√≥","Av. dos Andradas, 751, Centro","AX√â, SAMBA, AFRO, OUTROS","M√©dio","üè≥Ô∏è‚Äçüåà"
"14/02","13h","Nada Santa","R. M√°rmore, 247, Santa Tereza","MARCHINHA, BRASILEIRAS, OUTRAS","Pequeno","üè≥Ô∏è‚Äçüåà"
"14/02","14h","Seu Vizinho","Av. Mem de S√°, 1724, Santa Efig√™nia","AFRO, FUNK, SAMBA, PAGODE, OUTROS","Grande","üè≥Ô∏è‚Äçüåà"
"14/02","14h","Filhas de Gaby e os Desgarrados","R. Cear√°, 1461, Funcion√°rios","SAMBA, FUNK, MARCHINIHAS, OUTROS","M√©dio","üè≥Ô∏è‚Äçüåà"
"14/02","14h","Volta Belchior","Av. dos Andradas, 3700, Pomp√©ia","MPB","Grande",""
"14/02","14h30","Buritis Guimar√£es Rosa","Av. Henrique Badar√≥ Portugal, 170, Buritis","MARCHINHA","Pequeno","üë∂"
"14/02","A anunciar","Bloco da B√¥ta - Baile da B√¥ta","A anunciar","M√öSICA ELETR√îNICA DE PARED√ÉO","M√©dio","üè≥Ô∏è‚Äçüåà"
"15/02","07h","Lagum Na Avenida","R. Sergipe, 1000, Savassi","POP","Grande","üè≥Ô∏è‚Äçüåà"
"15/02","07h","Pena de Pav√£o de Krishna","Av. Jos√© C√¢ndido da Silveira, 1637, Uni√£o","AX√â, SAMBA, AFRO, OUTROS","M√©dio","üè≥Ô∏è‚Äçüåà"
"15/02","08h","Bloco de P√≠fanos BH","R. M√°rmore, 170, Santa Tereza","MPB, FORR√ì, OUTROS, AFRO","M√©dio","üè≥Ô∏è‚Äçüåà"
"15/02","08h","Bloco do Corre","Alameda das Palmeiras, 839, S√£o Jos√©","AX√â, FUNK, ROCK, FORR√ì, PAGODE, SAMBA, SERTANEJO, POP, MARCHINHA, OUTROS, AFRO","Pequeno",""
"15/02","09h","Galo Buritis","Av.Henrique Badar√≥ Portugal, Buritis","MARCHINHA, SAMBA, AX√â E PAGODE","Pequeno",""
"15/02","09h30","Todo Mundo Cabe No Mundo","R. Piau√≠, 631, Santa Efig√™nia","","Pequeno","üè≥Ô∏è‚Äçüåà"
"15/02","10h","Abal√¥-Caxi","Pra√ßa Sete, Centro","TROPIC√ÅLIA, MPB, POP, OUTROS","Grande","üè≥Ô∏è‚Äçüåà"
"13/02","10h","Afro-Perif√©rico Orisamba","R. Itapecerica, 331, Lagoinha","AX√â, FUNK, ROCK, MPB, FORR√ì, PAGODE, SAMBA, POP, OUTROS, AFRO","Pequeno",""
"15/02","10h","Bei√ßo do Wando","A divulgar","MPB, OUTROS","Grande","üè≥Ô∏è‚Äçüåà"
"15/02","12h","Abacabloco","R. Sergipe, 212, Boa Viagem","SAMBA, SERTANEJO, OUTROS","Pequeno",""
"15/02","14h"," √â o Amo","Av. dos Andradas, 3700, Pomp√©ia","SERTANEJO","Grande","üè≥Ô∏è‚Äçüåà"
"15/02","14h","Baile da Serra","Av. Mem de S√°, 1806, Serra","FUNK","Pequeno",""
"15/02","14h","Batuque Coletivo","Pra√ßa Tiradentes, Centro","AX√â, ROCK, POP, FUNK, SAMBA, SERTANEJO","M√©dio","üè≥Ô∏è‚Äçüåà"
"15/02","15h","Avulsa & Fluvox","R. Ouro Preto, 368, Barro Preto","TECNO","Pequeno","üè≥Ô∏è‚Äçüåà"
"15/02","15h","Eleganza","Av. Augusto de Lima, 1845, Barro Preto","POP","M√©dio","üè≥Ô∏è‚Äçüåà"
"15/02","15h","Quem Eu Quero N√£o Me Quer","R. Senador Lima Guimar√£es, 133, Buritis","SERTANEJO","Pequeno",""
"16/02","09h","Baianas Ozadas","Av. Afonso Pena, 955, Centro","AX√â, SAMBA, AFRO, POP, OUTROS","Grande","üè≥Ô∏è‚Äçüåà"
"16/02","09h","Meninos do Morro","R. M√°rmore, 140, Santa Tereza","AX√â, FUNK, ROCK, MPB, FORR√ì, PAGODE, SAMBA, SERTANEJO, POP, MARCHINHA, AFRO","Pequeno",""
"16/02","10h","Havayanas Usadas","Av. dos Andradas, 3700, Pomp√©ia","AX√â, PAGODE, SAMBA, AFRO, OUTROS","Grande","üè≥Ô∏è‚Äçüåà"
"16/02","10h30","N√£o Acredito que te Beijei","Av. Deputado √Ålvaro Ant√¥nio","AX√â, MPB, PAGODE, MARCHINHA","M√©dio","üè≥Ô∏è‚Äçüåà"
"16/02","13h30","Bloco da C√≠clica","Pra√ßa Carlos Marques, Calafate","AX√â, ROCK, MARCHINHAS, OUTROS","Pequeno",""
"16/02","14h","Bloco dos G√™meos com Lu√≠sa Sonza","Av. Brasil, 1132, Funcion√°rios","POP, FUNK, OUTROS","M√©dio","üè≥Ô∏è‚Äçüåà"
"16/02","14h","Bloco da Pri","Pra√ßa M√©xico, Conc√≥rdia ","POP, AX√â, MPB, OUTROS","M√©dio","üè≥Ô∏è‚Äçüåà"
"16/02","15h","Bloco and Roll","R. Guajajaras, 2126, Barro Preto","ROCK","M√©dio",""
"16/02","15h","Sou Vermelho","Av. √Ålvares Cabral, 400, Lourdes","","Pequeno","üè≥Ô∏è‚Äçüåà"
"16/02","A divulgar","Daquele Jeito","A divulgar","PAGODE, POP, OUTROS","M√©dio","üè≥Ô∏è‚Äçüåà"
"16/02","A divulgar","Me Deixe","A divulgar","AX√â, MPB, OUTROS","M√©dio",""
"17/02","09h","Banho de X√™ro","Av. Guarapari, 646, Santa Am√©lia","SAMBA, AFRO, OUTROS","Pequeno","üè≥Ô∏è‚Äçüåà"
"17/02","09h","Bora Pro N√≥bis","Pra√ßa da Bandeira, Mangabeiras","SAMBA, FUNK, AX√â, OUTROS","Pequeno",""
"17/02","10h","Funk You","Pra√ßa Sete, Centro","FUNK","Grande",""
"17/02","11h","Esperando o Metr√¥","A divulgar","SAMBA, AX√â, POP, OUTROS","M√©dio",""
"17/02","16h","Baque de Mina","Av. √Ålvares Cabral, 241, Centro","MARACATU","Pequeno","üè≥Ô∏è‚Äçüåà"
"17/02","A divulgar","Chega o Rei","A divulgar","MPB, SAMBA, ROCK, OUTROS","M√©dio",""
"17/02","A divulgar","Pisa na Ful√¥","A divulgar","FORR√ì","Grande","üè≥Ô∏è‚Äçüåà"
"21/02","A divulgar","Bloco do Pedro Sampaio","A divulgar","POP, FUNK, OUTROOS","Grande","üè≥Ô∏è‚Äçüåà"
"21/02","9h","Ziriggydum Stardust","R. Itajub√°, 268, Floresta","GLAM ROCK, POP, MPB, AX√â","Grande","üè≥Ô∏è‚Äçüåà"
"22/02","13h30","Filhas de Clara","Av. Clara Nunes, 88, Renascen√ßa","MPB, SAMBA, OUTROS","M√©dio","üè≥Ô∏è‚Äçüåà"